PG,SG,SF,PF,C,Coaches
Allen Iverson,Eddie Jones,Grant Hill,Tim Duncan,Shaquille O'Neal,Jeff Van Gundy
Gary Payton,Reggie Miller,Glen Robinson,Kevin Garnett,Chris Webber,Phil Jackson
John Stockon,Allan Houston,Vince Carter,Rasheed Wallace,David Robinson,Larry Brown
Jason Kidd,Ray Allen,Tracy McGrady,Karl Malone,Dikembe Mutombo,Rick Adelman
Stephon Marbury,Jerry Stackhouse,Antoine Walker,Dale Davis,Alonzo Mourning,Byron Scott
Baron Davis,Kobe Bryant,Paul Pierce,Theo Ratliff,Antonio Davis,Don Nelson
Steve Francis,Michael Finley,Shareef Abdur-Rahim,Antonio McDyess,Vlade Divac,Isiah Thomas
Steve Nash,Latrell Sprewell,Peja Stojakovic,David West,Ben Wallace,Rick Carlisle
Sam Cassell,Michael Jordan,LeBron James,Dirk Nowitzki,Brad Miller,Flip Saunders
Gilbert Arenas,Jamal Mashburn,Antwan Jamison,Wally Szerbiak,Zyrdunas Ilgauskas,Stan Van Gundy
Chauncey Billups,Michael Redd,Caron Butler,Shawn Marion,Yao Ming,Gregg Popovich
Tony Parker,Dwayne Wade,Carmelo Anthony,Kenyon Martin,Jamaal Magloire,Avery Johnson
Chris Paul,Manu Ginobili,Josh Howard,Ron Artest,Jermaine O'Neal,Eddie Jordan
Devin Harris,Richard Hamilton,Danny Granger,Andrei Kirilenko,Pau Gasol,Mike D'Antoni
Mo Williams,Joe Johnson,Kevin Durant,Amar'e Stoudemire,Dwight Howard,Doc Rivers
Jameer Nelson,Brandon Roy,Luol Deng,Rashard Lewis,Al Horford,George Karl
Rajon Rondo,Gerald Wallace,Andre Iguodala,Chris Bosh,Chris Kaman,Tom Thibodeau
Derrick Rose,James Harden,Paul George,Mehmet Okur,Roy Hibbert,Scott Brooks
Deron Williams,DeMar DeRozan,Giannis Antetokounmpo,Carlos Boozer,Andrew Bynum,Eric Spolestra
Russell Westbrook,Jimmy Butler,Kawhi Leonard,David Lee,Marc Gasol,Frank Vogel
Jrue Holiday,Klay Thompson,Gordon Hayward,Zach Randoplh,Tyson Chandler,Brad Stevens
Kyrie Irving,Victor Oladipo,Khris Middleton,Blake Griffin,Brook Lopez,Steve Kerr
John Wall,Bradel Beal,Jayson Tatum,Kevin Love,Joakim Noah,Nick Nurse
Damian Lillard,Donovan Mitchell,Brandon Ingram,LaMarcus Aldridge,Andre Drummond,Mike Malone
Steph Curry,Devin Booker,,Paul Millsap,DeMarcus Cousins,Mike Budenholzer
Kyle Lowry,,,Anthony Davis,DeAndre Jordan,Dwayne Casey
Isaiah Thomas,,,Draymond Green,Karl-Anthony Towns,
Kemba Walker,,,Kristaps Porzingis,Joel Embiid,
Goran Dragic,,,Bam Adebayo,Nikola Vucevic,
Ben Simmons,,,Julius Randle,Nikola Jokic,
Luka Doncic,,,,Domantas Sabonis,
,,,,Rudy Gobert,
